,Logistic Regression,Random Forest,KNN
MSE,14.042264565842073,25.625854534930138,8477.816442584646
MAE,2.7401185160033372,3.618418071947204,73.38085805676569
